Game Title,Discount,Original Price,Discounted Price
Red Dead Redemption 2,-67%,$59.99,$19.79
Dead by Daylight,-60%,$19.99,$7.99
ELDEN RING,-30%,$59.99,$41.99
DAVE THE DIVER,-10%,$19.99,$17.99
Cyberpunk 2077,-50%,$59.99,$29.99
Tom Clancy's Rainbow Six® Siege,-60%,$19.99,$7.99
Rust,-33%,$39.99,$26.79
Grand Theft Auto V: Premium Edition,-63%,$39.98,$14.98
Call of Duty®: Black Ops III,-67%,$59.99,$19.79
Stellaris,-75%,$39.99,$9.99
Hogwarts Legacy,-20%,$59.99,$47.99
Sea of Thieves 2023 Edition,-50%,$39.99,$19.99
Sons Of The Forest,-20%,$29.99,$23.99
Marvel’s Spider-Man Remastered,-33%,$59.99,$40.19
Black Desert,-50%,$9.99,$4.99
Steam Deck,-10%,$399.00,$359.10
Forza Horizon 5,-50%,$59.99,$29.99
Deep Rock Galactic,-67%,$29.99,$9.89
Project Zomboid,-33%,$19.99,$13.39
Sid Meier’s Civilization® VI,-90%,$59.99,$5.99
Halls of Torment,-20%,$4.99,$3.99
DARK SOULS™ III,-50%,$59.99,$29.99
Cities: Skylines,-70%,$29.99,$8.99
Ready or Not,-20%,$39.99,$31.99
SCP: 5K,-30%,$19.99,$13.99
Hunt: Showdown,-60%,$39.99,$15.99
Total War: WARHAMMER III,-40%,$59.99,$35.99
Marvel’s Spider-Man: Miles Morales,-33%,$49.99,$33.49
The Elder Scrolls V: Skyrim Special Edition,-75%,$39.99,$9.99
The Outlast Trials,-15%,$29.99,$25.49
Raft,-33%,$19.99,$13.39
STAR WARS Jedi: Survivor™,-25%,$69.99,$52.49
Fallout 76,-75%,$39.99,$9.99
NBA 2K23,-84%,$59.99,$9.59
Crusader Kings III,-50%,$49.99,$24.99
RimWorld,-20%,$34.99,$27.99
Risk of Rain 2,-50%,$24.99,$12.49
Sekiro™: Shadows Die Twice - GOTY Edition,-50%,$59.99,$29.99
Only Up!,-30%,$9.99,$6.99
EA SPORTS™ FIFA 23,-75%,$69.99,$17.49
Halo: The Master Chief Collection,-75%,$39.99,$9.99
American Truck Simulator,-75%,$19.99,$4.99
Steam Deck Docking Station,-20%,$89.00,$71.20
Persona 5 Royal,-40%,$59.99,$35.99
Stardew Valley,-34%,$14.99,$9.89
New World,-60%,$39.99,$15.99
Sid Meier’s Civilization® VI Anthology,-86%,$209.85,$29.62
DARK SOULS III Deluxe Edition,-50%,$84.98,$42.49
Tiny Tina's Wonderlands,-67%,$59.99,$19.79
Cyberpunk 2077 & Phantom Liberty Bundle,-39%,$89.98,$55.18
Subnautica,-67%,$29.99,$9.89
Phasmophobia,-20%,$13.99,$11.19
OCTOPATH TRAVELER II,-25%,$59.99,$44.99
MONSTER HUNTER RISE,-60%,$39.99,$15.99
theHunter: Call of the Wild™,-75%,$19.99,$4.99
Grounded,-40%,$39.99,$23.99
Starship Troopers: Extermination,-20%,$24.99,$19.99
Microsoft Flight Simulator 40th Anniversary Edition,-35%,$59.99,$38.99
DayZ,-40%,$44.99,$26.99
Dying Light 2 Stay Human,-50%,$59.99,$29.99
Hearts of Iron IV,-70%,$39.99,$11.99
Planet Zoo,-75%,$44.99,$11.24
FINAL FANTASY VII REMAKE INTERGRADE,-43%,$69.99,$39.89
The Witcher® 3: Wild Hunt,-70%,$39.99,$11.99
DARK SOULS™: REMASTERED,-50%,$39.99,$19.99
Anno 1800,-75%,$59.99,$14.99
PowerWash Simulator,-20%,$24.99,$19.99
PAYDAY 2,-90%,$9.99,$0.99
Arma 3,-75%,$29.99,$7.49
Satisfactory,-45%,$29.99,$16.49
DREDGE,-20%,$24.99,$19.99
『OCTOPATH TRAVELER II』+『VARIOUS DAYLIFE』Bundle,-53%,$88.98,$41.63
ARK: Survival Evolved,-75%,$19.99,$4.99
Fallout 4,-67%,$19.99,$6.59
The Elder Scrolls® Online,-70%,$19.99,$5.99
Borderlands 3,-85%,$59.99,$8.99
God of War,-40%,$49.99,$29.99
Valve Complete Pack,-96%,$145.82,$6.54
No Man's Sky,-50%,$59.99,$29.99
Assassin's Creed Valhalla,-75%,$59.99,$14.99
BeamNG.drive,-20%,$24.99,$19.99
Call of Duty®: Black Ops Cold War,-67%,$59.99,$19.79
Stray,-25%,$29.99,$22.49
Tom Clancy's Ghost Recon® Breakpoint,-80%,$59.99,$11.99
Valheim,-40%,$19.99,$11.99
Terraria,-50%,$9.99,$4.99
7 Days to Die,-76%,$24.99,$5.99
Call of Duty®: Black Ops II,-67%,$59.99,$19.79
Hades,-50%,$24.99,$12.49
The Witcher 3: Wild Hunt - Complete Edition,-70%,$49.99,$14.99
Far Cry® 6,-75%,$59.99,$14.99
Divinity: Original Sin 2 - Definitive Edition,-60%,$44.99,$17.99
Jurassic World Evolution 2,-75%,$59.99,$14.99
Subnautica Deep Ocean Bundle,-70%,$59.98,$17.80
Risk of Rain 2 + Survivors of the Void Expansion,-52%,$39.98,$19.34
Total War: WARHAMMER II,-66%,$59.99,$20.39
Mortal Kombat 11,-90%,$49.99,$4.99
The Binding of Isaac: Rebirth,-33%,$14.99,$10.04
A Little to the Left,-25%,$14.99,$11.24
LEGO® Star Wars™: The Skywalker Saga,-67%,$49.99,$16.49
ULTRAKILL,-25%,$24.99,$18.74
Mount & Blade II: Bannerlord,-40%,$49.99,$29.99
Bread & Fred,-20%,$14.99,$11.99
DAVE THE DIVER Deluxe Edition,-16%,$28.98,$24.28
Squad,-25%,$49.99,$37.49
It Takes Two,-60%,$39.99,$15.99
House Flipper,-70%,$24.99,$7.49
Gunfire Reborn,-35%,$19.99,$12.99
Fallout 4: Game of the Year Edition,-75%,$39.99,$9.99
Conan Exiles,-60%,$39.99,$15.99
Battlefield™ 2042,-75%,$59.99,$14.99
Horizon Zero Dawn™ Complete Edition,-67%,$49.99,$16.49
Monster Hunter: World,-50%,$29.99,$14.99
Marvel's Midnight Suns,-60%,$59.99,$23.99
Dead Cells,-50%,$24.99,$12.49
High On Life,-50%,$59.99,$29.99
Bloons TD 6,-75%,$13.99,$3.49
Stellaris: Ultimate Bundle,-54%,$254.83,$116.16
Escape the Backrooms,-20%,$9.99,$7.99
Medieval Dynasty,-35%,$34.99,$22.74
FOR HONOR™,-80%,$14.99,$2.99
The Elder Scrolls V: Skyrim Anniversary Edition,-60%,$49.99,$19.99
DOOM Eternal,-67%,$39.99,$13.19
Subnautica: Below Zero,-67%,$29.99,$9.89
Age of Empires IV: Anniversary Edition,-50%,$39.99,$19.99
Cult of the Lamb,-35%,$24.99,$16.24
Assassin's Creed® Odyssey,-80%,$59.99,$11.99
The Isle,-33%,$19.99,$13.39
Demonologist,-30%,$14.99,$10.49
UNCHARTED™: Legacy of Thieves Collection,-40%,$49.99,$29.99
Forever Skies,-20%,$29.99,$23.99
Assetto Corsa,-80%,$19.99,$3.99
The Binding of Isaac: Rebirth Complete Bundle,-23%,$50.96,$39.01
Dead Space,-30%,$59.99,$41.99
V Rising,-20%,$19.99,$15.99
ARK: Ultimate Survivor Edition,-69%,$79.95,$24.91
Remnant: From the Ashes,-65%,$39.99,$13.99
Pizza Tower,-25%,$19.99,$14.99
Sniper Elite 5,-60%,$49.99,$19.99
STRANGER OF PARADISE FINAL FANTASY ORIGIN,-30%,$39.99,$27.99
Tabletop Simulator,-50%,$19.99,$9.99
Outer Wilds,-40%,$24.99,$14.99
Total War: WARHAMMER TRILOGY,-62%,$179.97,$67.80
Space Engineers,-50%,$19.99,$9.99
Garry's Mod,-50%,$9.99,$4.99
System Shock,-20%,$39.99,$31.99
Assassin's Creed Bundle,-78%,$414.88,$92.58
Rain World,-60%,$24.99,$9.99
Disco Elysium - The Final Cut,-75%,$39.99,$9.99
Back 4 Blood,-80%,$59.99,$11.99
Borderlands 3 Ultimate Edition,-89%,$254.80,$28.54
GTFO,-33%,$39.99,$26.79
NieR:Automata™,-50%,$39.99,$19.99
DARK SOULS™ II: Scholar of the First Sin,-50%,$39.99,$19.99
Total War: WARHAMMER,-75%,$59.99,$14.99
Sun Haven,-30%,$24.99,$17.49
Mass Effect™ Legendary Edition,-75%,$59.99,$14.99
DRAGON BALL XENOVERSE 2,-85%,$49.99,$7.49
Days Gone,-67%,$49.99,$16.49
LEGO® Star Wars™: The Skywalker Saga Galactic Edition,-67%,$69.99,$23.09
PGA TOUR 2K23,-67%,$59.99,$19.79
Half-Life: Alyx,-60%,$59.99,$23.99
Tom Clancy’s The Division® 2,-70%,$29.99,$8.99
Risk of Rain 2: Survivors of the Void,-35%,$14.99,$9.74
A Little to the Left Cupboards & Drawers DLC Bundle,-26%,$20.98,$15.51
Destiny 2: Lightfall,-50%,$49.99,$24.99
Car Mechanic Simulator 2021,-40%,$24.99,$14.99
DRAGON BALL Z: KAKAROT,-75%,$59.99,$14.99
Hollow Knight,-50%,$14.99,$7.49
GUILTY GEAR -STRIVE-,-25%,$39.99,$29.99
X4: Foundations,-60%,$49.99,$19.99
Don't Starve Together,-66%,$14.99,$5.09
Europa Universalis IV,-65%,$39.99,$13.99
DayZ Livonia Edition,-44%,$58.98,$33.10
SnowRunner,-45%,$29.99,$16.49
Grand Theft Auto V: Premium Edition & Megalodon Shark Card Bundle,-76%,$139.97,$34.10
Age of Empires II: Definitive Edition,-75%,$19.99,$4.99
Hi-Fi RUSH,-20%,$29.99,$23.99
Borderlands 2,-75%,$19.99,$4.99
Unpacking,-40%,$19.99,$11.99
Remnant: From the Ashes - Complete Edition,-67%,$59.97,$19.99
Tom Clancy's Ghost Recon® Wildlands,-80%,$49.99,$9.99
Pathfinder: Wrath of the Righteous - Enhanced Edition,-70%,$39.99,$11.99
Castle Crashers®,-80%,$14.99,$2.99
Tactical Shooter Experience - Squad & Beyond The Wire,-43%,$59.98,$33.99
Far Cry® 5,-85%,$59.99,$8.99
Five Nights at Freddy's: Security Breach,-50%,$39.99,$19.99
Metro Exodus,-80%,$29.99,$5.99
Gotham Knights,-70%,$59.99,$17.99
The Crew™ 2,-90%,$49.99,$4.99
Chivalry 2,-50%,$39.99,$19.99
Atomic Heart,-34%,$59.99,$39.59
MechWarrior 5: Mercenaries,-50%,$29.99,$14.99
Monster Hunter Rise + Sunbreak,-34%,$59.99,$39.59
Fallout: New Vegas,-75%,$9.99,$2.49
Crab Champions,-20%,$9.99,$7.99
WWE 2K23,-35%,$59.99,$38.99
Batman™: Arkham Knight,-80%,$19.99,$3.99
Total War™: ROME II - Emperor Edition,-75%,$59.99,$14.99
Inscryption,-40%,$19.99,$11.99
Escape Simulator,-25%,$14.99,$11.24
DRAGON BALL FighterZ,-85%,$59.99,$8.99
Jagged Alliance 3,-20%,$44.99,$35.99
Assetto Corsa Ultimate Edition,-90%,$79.88,$7.88
Darkest Dungeon® II,-20%,$39.99,$31.99
Cuphead,-30%,$19.99,$13.99
Stellaris: Starter Pack Bundle 2023,-64%,$99.95,$35.95
Cruelty Squad,-50%,$19.99,$9.99
Against the Storm,-35%,$29.99,$19.49
Euro Truck Simulator 2,-75%,$19.99,$4.99
Resident Evil Village,-50%,$39.99,$19.99
Detroit: Become Human,-50%,$39.99,$19.99
Assassin's Creed® Origins,-85%,$59.99,$8.99
theHunter: Call of the Wild™ - Master Hunter Bundle,-74%,$71.90,$18.35
"Warhammer 40,000: Darktide",-30%,$39.99,$27.99
Sid Meier's Civilization VI : Platinum Edition,-91%,$167.91,$15.00
Riders Republic,-75%,$59.99,$15.00
Sonic Frontiers,-50%,$59.99,$29.99
Devil May Cry 5,-67%,$29.99,$9.89
Need for Speed™ Unbound,-70%,$69.99,$20.99
Teardown,-25%,$29.99,$22.49
CRISIS CORE –FINAL FANTASY VII– REUNION,-30%,$49.99,$34.99
Total War: THREE KINGDOMS,-66%,$59.99,$20.39
PlateUp!,-40%,$17.99,$10.79
Overcooked! 2,-75%,$24.99,$6.24
Left 4 Dead 2,-90%,$9.99,$0.99
Yakuza: Like a Dragon,-75%,$59.99,$14.99
ASTRONEER,-60%,$29.99,$11.99
Vampire Survivors,-25%,$4.99,$3.74
Hell Let Loose,-35%,$44.99,$29.24
NieR Replicant™ ver.1.22474487139...,-60%,$59.99,$23.99
Voidtrain,-15%,$29.99,$25.49
Kenshi,-55%,$29.99,$13.49
HUMANKIND™,-80%,$49.99,$9.99
Slime Rancher 2,-25%,$29.99,$22.49
Resident Evil 3,-75%,$39.99,$9.99
"Warhammer 40,000: Boltgun",-20%,$21.99,$17.59
OCTOPATH TRAVELER™,-50%,$59.99,$29.99
FINAL FANTASY XV WINDOWS EDITION,-50%,$34.99,$17.49
Middle-earth™: Shadow of War™,-85%,$49.99,$7.49
Call of Duty®: Black Ops,-50%,$39.99,$19.99
Solasta: Crown of the Magister,-60%,$29.99,$11.99
Grim Dawn,-50%,$24.99,$12.49
Planet Coaster,-75%,$44.99,$11.24
Farthest Frontier,-15%,$29.99,$25.49
Slay the Spire,-66%,$24.99,$8.49
Tales of Arise,-60%,$59.99,$23.99
Assetto Corsa Competizione,-70%,$39.99,$11.99
Pummel Party,-40%,$14.99,$8.99
Monster Hunter World: Iceborne,-50%,$39.99,$19.99
Forza Horizon 4,-67%,$59.99,$19.79
Stormworks: Build and Rescue,-35%,$24.99,$16.24
Space Engineers Ultimate Edition,-58%,$82.87,$35.20
Assassin’s Creed® IV Black Flag™,-70%,$39.99,$11.99
The Flipper Bundle,-64%,$94.94,$34.38
Wartales,-20%,$34.99,$27.99
Generation Zero®,-80%,$24.99,$4.99
Steel Division 2,-75%,$39.99,$9.99
Smalland: Survive the Wilds,-20%,$24.99,$19.99
Batman: Arkham Collection,-85%,$59.99,$8.99
TUNIC,-30%,$29.99,$20.99
The Forest,-20%,$19.99,$15.99
Watch_Dogs® 2,-85%,$49.99,$7.49
Sifu,-25%,$39.99,$29.99
Borderlands: The Handsome Collection,-93%,$229.48,$14.95
Call of Duty®: Modern Warfare®,-67%,$59.99,$19.79
Arma 3 Ultimate Edition,-73%,$140.90,$38.37
Dinkum,-20%,$19.99,$15.99
Resident Evil 2,-75%,$39.99,$9.99
Muse Dash,-85%,$2.99,$0.44
Disney Dreamlight Valley,-25%,$29.99,$22.49
ARK: Genesis Season Pass,-50%,$29.99,$14.99
Wasteland 3,-80%,$39.99,$7.99
Cassette Beasts,-20%,$19.99,$15.99
Kerbal Space Program 2,-20%,$49.99,$39.99
Titanfall® 2,-85%,$29.99,$4.49
Oxygen Not Included,-66%,$24.99,$8.49
Football Manager 2023,-50%,$59.99,$29.99
PAYDAY 2 + Dying Light 2 Bundle,-60%,$69.98,$27.88
Frostpunk,-80%,$29.99,$5.99
State of Decay 2: Juggernaut Edition,-60%,$29.99,$11.99
OMORI,-25%,$19.99,$14.99
PAYDAY 2: Legacy Collection,-84%,$78.24,$12.15
Age of Empires 25th Anniversary Collection,-72%,$200.87,$55.59
ACE COMBAT™ 7: SKIES UNKNOWN,-85%,$59.99,$8.99
South Park™: The Fractured But Whole™,-80%,$49.99,$9.99
The Stanley Parable: Ultra Deluxe,-50%,$24.99,$12.49
Dwarf Fortress,-10%,$29.99,$26.99
Gang Beasts,-60%,$19.99,$7.99
Mafia: Definitive Edition,-65%,$39.99,$13.99
Marvel's Guardians of the Galaxy,-70%,$59.99,$17.99
Barotrauma,-25%,$34.99,$26.24
Resident Evil 7 Biohazard,-60%,$19.99,$7.99
Need for Speed™ Heat,-80%,$69.99,$13.99
Nioh 2 – The Complete Edition,-40%,$49.99,$29.99
SIGNALIS,-20%,$19.99,$15.99
The Elder Scrolls V: Skyrim Anniversary Upgrade,-50%,$19.99,$9.99
TEKKEN 7,-85%,$39.99,$5.99
